<?xml version="1.0" encoding="UTF-8"?>
<!DOCTYPE plist PUBLIC "-//Apple//DTD PLIST 1.0//EN" "http://www.apple.com/DTDs/PropertyList-1.0.dtd">
<plist version="1.0">
<dict>
	<key>Categories</key>
	<array>
		<dict>
			<key>Category ID</key>
			<string>Project Type</string>
			<key>Category Name</key>
			<string>Type de projet</string>
		</dict>
		<dict>
			<key>Category ID</key>
			<string>Music</string>
			<key>Category Name</key>
			<string>Musique</string>
			<key>Category Parent ID</key>
			<string>Project Type</string>
		</dict>
		<dict>
			<key>Category ID</key>
			<string>Photos</string>
			<key>Category Name</key>
			<string>Photos</string>
			<key>Category Parent ID</key>
			<string>Project Type</string>
		</dict>
		<dict>
			<key>Category ID</key>
			<string>Files &amp; Data</string>
			<key>Category Name</key>
			<string>Fichiers &amp; Données</string>
			<key>Category Parent ID</key>
			<string>Project Type</string>
		</dict>
		<dict>
			<key>Category ID</key>
			<string>Video</string>
			<key>Category Name</key>
			<string>Vidéo</string>
			<key>Category Parent ID</key>
			<string>Project Type</string>
		</dict>
		<dict>
			<key>Category ID</key>
			<string>General</string>
			<key>Category Name</key>
			<string>Général</string>
			<key>Category Parent ID</key>
			<string>Project Type</string>
		</dict>
		<dict>
			<key>Category ID</key>
			<string>Blank</string>
			<key>Category Name</key>
			<string>Vierge</string>
			<key>Category Parent ID</key>
			<string>Project Type</string>
		</dict>

		<dict>
			<key>Category ID</key>
			<string>Themes</string>
			<key>Category Name</key>
			<string>Thèmes</string>
		</dict>
		<dict>
			<key>Category ID</key>
			<string>LightScribe</string>
			<key>Category Name</key>
			<string>LightScribe</string>
			<key>Category Parent ID</key>
			<string>Themes</string>
		</dict>
		<dict>
			<key>Category ID</key>
			<string>Wedding</string>
			<key>Category Name</key>
			<string>Mariage</string>
			<key>Category Parent ID</key>
			<string>Themes</string>
		</dict>
		<dict>
			<key>Category ID</key>
			<string>Kids</string>
			<key>Category Name</key>
			<string>Enfants</string>
			<key>Category Parent ID</key>
			<string>Themes</string>
		</dict>
		<dict>
			<key>Category ID</key>
			<string>Travel</string>
			<key>Category Name</key>
			<string>Voyage</string>
			<key>Category Parent ID</key>
			<string>Themes</string>
		</dict>
		<dict>
			<key>Category ID</key>
			<string>Business</string>
			<key>Category Name</key>
			<string>Business</string>
			<key>Category Parent ID</key>
			<string>Themes</string>
		</dict>
		<dict>
			<key>Category ID</key>
			<string>Holiday</string>
			<key>Category Name</key>
			<string>Vacances</string>
			<key>Category Parent ID</key>
			<string>Themes</string>
		</dict>
		<dict>
			<key>Category ID</key>
			<string>Photography</string>
			<key>Category Name</key>
			<string>Photographie</string>
			<key>Category Parent ID</key>
			<string>Themes</string>
		</dict>
	</array>
</dict>
</plist>
