<?xml version="1.0" encoding="UTF-8"?>
<dict>
	<dict>
		<ID>CDDisc</ID>
		<Name>Printable Disc</Name>
		<Width>120 mm</Width>
		<Height>120 mm</Height>
		<CornerRadius>0 mm</CornerRadius>
		<OuterDiameter>120 mm</OuterDiameter>
		<InnerDiameter>39 mm</InnerDiameter>
		<IsHorizontal>1</IsHorizontal>		
	</dict>
	<dict>
		<ID>CDDisc</ID>
		<Name>Printable Disc (Full Coverage)</Name>
		<Width>120 mm</Width>
		<Height>120 mm</Height>
		<CornerRadius>0 mm</CornerRadius>
		<OuterDiameter>120 mm</OuterDiameter>
		<InnerDiameter>18 mm</InnerDiameter>
		<IsHorizontal>1</IsHorizontal>		
	</dict>
	<dict>
		<ID>CDDisc</ID>
		<Name>Disc Label</Name>
		<Width>118.5 mm</Width>
		<Height>118.5 mm</Height>
		<CornerRadius>0 mm</CornerRadius>
		<OuterDiameter>118.5 mm</OuterDiameter>
		<InnerDiameter>41 mm</InnerDiameter>
		<IsHorizontal>1</IsHorizontal>		
	</dict>
	<dict>
		<ID>CDDisc</ID>
		<Name>Disc Label (Full Coverage)</Name>
		<Width>118.5 mm</Width>
		<Height>118.5 mm</Height>
		<CornerRadius>0 mm</CornerRadius>
		<OuterDiameter>118.5 mm</OuterDiameter>
		<InnerDiameter>17 mm</InnerDiameter>
		<IsHorizontal>1</IsHorizontal>		
	</dict>
	<dict>
		<ID>CDMini</ID>
		<Name>Vinyl CD</Name>
		<Width>62 mm</Width>
		<Height>62 mm</Height>
		<CornerRadius>0 mm</CornerRadius>
		<OuterDiameter>62 mm</OuterDiameter>
		<InnerDiameter>22.5 mm</InnerDiameter>
		<IsHorizontal>1</IsHorizontal>				
	</dict>
	<dict>
		<ID>CDMini</ID>
		<Name>Mini CD</Name>
		<Width>78 mm</Width>
		<Height>78 mm</Height>
		<CornerRadius>0 mm</CornerRadius>
		<OuterDiameter>78 mm</OuterDiameter>
		<InnerDiameter>15 mm</InnerDiameter>
		<IsHorizontal>1</IsHorizontal>				
	</dict>
</dict>		