<?xml version="1.0" encoding="UTF-8"?>
<!DOCTYPE plist PUBLIC "-//Apple//DTD PLIST 1.0//EN" "http://www.apple.com/DTDs/PropertyList-1.0.dtd">
<plist version="1.0">
<dict>
	<key>Categories</key>
	<array>
		<dict>
			<key>Category ID</key>
			<string>Project Type</string>
			<key>Category Name</key>
			<string>Projekt-Typ</string>
		</dict>
		<dict>
			<key>Category ID</key>
			<string>Music</string>
			<key>Category Name</key>
			<string>Musik</string>
			<key>Category Parent ID</key>
			<string>Project Type</string>
		</dict>
		<dict>
			<key>Category ID</key>
			<string>Photos</string>
			<key>Category Name</key>
			<string>Fotos</string>
			<key>Category Parent ID</key>
			<string>Project Type</string>
		</dict>
		<dict>
			<key>Category ID</key>
			<string>Files &amp; Data</string>
			<key>Category Name</key>
			<string>Dateien &amp; Daten</string>
			<key>Category Parent ID</key>
			<string>Project Type</string>
		</dict>
		<dict>
			<key>Category ID</key>
			<string>Video</string>
			<key>Category Name</key>
			<string>Video</string>
			<key>Category Parent ID</key>
			<string>Project Type</string>
		</dict>
		<dict>
			<key>Category ID</key>
			<string>General</string>
			<key>Category Name</key>
			<string>Allgemein</string>
			<key>Category Parent ID</key>
			<string>Project Type</string>
		</dict>
		<dict>
			<key>Category ID</key>
			<string>Blank</string>
			<key>Category Name</key>
			<string>Leer</string>
			<key>Category Parent ID</key>
			<string>Project Type</string>
		</dict>

		<dict>
			<key>Category ID</key>
			<string>Themes</string>
			<key>Category Name</key>
			<string>Themen</string>
		</dict>
		<dict>
			<key>Category ID</key>
			<string>LightScribe</string>
			<key>Category Name</key>
			<string>LightScribe</string>
			<key>Category Parent ID</key>
			<string>Themes</string>
		</dict>
		<dict>
			<key>Category ID</key>
			<string>Wedding</string>
			<key>Category Name</key>
			<string>Hochzeit</string>
			<key>Category Parent ID</key>
			<string>Themes</string>
		</dict>
		<dict>
			<key>Category ID</key>
			<string>Kids</string>
			<key>Category Name</key>
			<string>Kinder</string>
			<key>Category Parent ID</key>
			<string>Themes</string>
		</dict>
		<dict>
			<key>Category ID</key>
			<string>Travel</string>
			<key>Category Name</key>
			<string>Reise</string>
			<key>Category Parent ID</key>
			<string>Themes</string>
		</dict>
		<dict>
			<key>Category ID</key>
			<string>Business</string>
			<key>Category Name</key>
			<string>Business</string>
			<key>Category Parent ID</key>
			<string>Themes</string>
		</dict>
		<dict>
			<key>Category ID</key>
			<string>Holiday</string>
			<key>Category Name</key>
			<string>Ferien</string>
			<key>Category Parent ID</key>
			<string>Themes</string>
		</dict>
		<dict>
			<key>Category ID</key>
			<string>Photography</string>
			<key>Category Name</key>
			<string>Fotografie</string>
			<key>Category Parent ID</key>
			<string>Themes</string>
		</dict>
	</array>
</dict>
</plist>
